category,revenue,freight,orders,customers,items,reviewed_orders,low_review_orders,average_review_score,low_review_rate,late_delivery_rate,average_item_price,freight_to_revenue_rate,portfolio_quadrant,reliable_sample
health_beauty,1233131.72,179139.43,8647,8498,9465,8601,982,4.229488819129559,0.11417277060806882,0.08962646004394588,130.28333016376124,0.1452719341288212,High revenue / High rating,True
watches_gifts,1166176.98,98156.14,5495,5421,5859,5454,746,4.121195452878621,0.13678034470113679,0.085199344620426,199.04027649769586,0.08416916272862804,High revenue / Low rating,True
bed_bath_table,1023434.76,201774.5,9272,9008,10953,9177,1459,3.999291707529694,0.15898441756565326,0.08746764452113891,93.43876198301835,0.1971542377552234,High revenue / Low rating,True
sports_leisure,954852.55,165071.08,7530,7341,8431,7486,851,4.227691691156826,0.11367886721880845,0.07756674193119936,113.25495789348832,0.17287599012014995,High revenue / High rating,True
computers_accessories,888724.61,143999.16,6530,6405,7644,6499,942,4.081243268195107,0.14494537621172487,0.07704089447082249,116.26433935112506,0.16202900018713334,High revenue / Low rating,True
furniture_decor,711927.6900000001,169136.22,6307,6178,8160,6260,958,4.057987220447284,0.15303514376996805,0.08482638338354209,87.24604044117648,0.2375749986631367,High revenue / Low rating,True
housewares,615628.6900000001,143684.6,5743,5681,6795,5709,671,4.1944298476090385,0.11753371868978806,0.06947588368448546,90.60024871228846,0.23339490562078904,High revenue / High rating,True
cool_stuff,610204.1,81476.79,3559,3543,3718,3531,398,4.216935712262815,0.11271594449164543,0.06827760606912053,164.12159763313608,0.13352383243573748,High revenue / High rating,True
auto,578966.65,90593.22,3810,3769,4140,3792,491,4.145833333333333,0.12948312236286919,0.08611184037805199,139.84701690821257,0.15647398688680944,High revenue / Low rating,True
toys,471286.48,76560.05,3804,3763,4030,3774,429,4.238341282458929,0.1136724960254372,0.07520378648435445,116.94453598014888,0.16244906919460114,High revenue / High rating,True
garden_tools,470495.27999999997,96858.83,3448,3420,4268,3428,419,4.180863477246207,0.12222870478413068,0.07946635730858469,110.23788191190252,0.20586567839745387,High revenue / High rating,True
baby,400421.84,66305.81,2809,2783,2982,2787,398,4.103516325798349,0.14280588446358092,0.09184763260946956,134.27962441314554,0.16558989389789527,High revenue / Low rating,True
perfumery,390144.65,53026.98,3086,3050,3340,3076,363,4.260890767230169,0.11801040312093627,0.07388204795852236,116.8097754491018,0.13591620441290173,High revenue / High rating,True
telephony,309860.23,69342.39,4093,4047,4430,4069,575,4.051855492750062,0.1413123617596461,0.08526752992914732,69.94587584650112,0.22378602765511407,High revenue / Low rating,True
office_furniture,268154.31,67057.05,1254,1245,1668,1244,273,3.642684887459807,0.21945337620578778,0.09170653907496013,160.7639748201439,0.2500688875744716,High revenue / Low rating,True
stationery,223788.69,45786.36,2264,2250,2466,2251,226,4.294757885384274,0.10039982230119947,0.07773851590106007,90.74967153284672,0.2045963985043212,High revenue / High rating,True
computers,218684.14,9665.62,177,176,199,174,20,4.224137931034483,0.11494252873563218,0.07344632768361582,1098.9152763819095,0.04419899861050738,High revenue / High rating,False
pet_shop,211695.64,38918.56,1688,1667,1924,1680,179,4.273809523809524,0.10654761904761904,0.06279620853080568,110.02891891891893,0.18384204795148354,Low revenue / High rating,True
musical_instruments,184315.74,17871.38,611,607,651,605,71,4.234710743801653,0.11735537190082644,0.088379705400982,283.12709677419355,0.0969606827935585,Low revenue / High rating,True
small_appliances,182754.12,15354.35,609,606,658,604,70,4.256622516556291,0.11589403973509933,0.06239737274220033,277.74182370820665,0.08401643694817934,Low revenue / High rating,True
unknown,170726.63,27056.57,1392,1386,1537,1382,240,4.010492040520984,0.1736613603473227,0.09123563218390805,111.07783344176968,0.15847890865063052,Low revenue / Low rating,True
electronics,155043.93,45679.159999999996,2517,2507,2729,2498,330,4.124499599679744,0.1321056845476381,0.09813269765593961,56.81345914254305,0.2946207568396905,Low revenue / Low rating,True
fashion_bags_accessories,149329.39,30558.9,1820,1757,1985,1811,184,4.242131419105466,0.10160132523467698,0.06648351648351648,75.22891183879094,0.20464089487005874,Low revenue / High rating,True
consoles_games,148003.37,19094.36,1018,1014,1089,1009,112,4.177898909811694,0.1110009910802775,0.08153241650294696,135.90759412304865,0.12901300828487894,Low revenue / Low rating,True
construction_tools_construction,142108.49,20273.52,736,732,916,731,97,4.125170998632011,0.1326949384404925,0.09103260869565218,155.14027292576418,0.14266227162078776,Low revenue / Low rating,True
luggage_accessories,138701.63,30076.49,1019,1013,1077,1015,83,4.370443349753694,0.08177339901477833,0.0549558390578999,128.78517177344474,0.2168430897315338,Low revenue / High rating,True
home_appliances_2,107953.95,10254.57,227,222,231,226,28,4.150442477876106,0.12389380530973451,0.07048458149779736,467.3331168831169,0.09499022499871473,Low revenue / Low rating,False
home_construction,81407.57,13614.8,483,483,596,481,83,3.9854469854469854,0.17255717255717257,0.08074534161490683,136.58988255033557,0.1672424321227129,Low revenue / Low rating,True
home_appliances,78832.48,14469.3,747,688,754,744,80,4.216173835125448,0.10752688172043011,0.06693440428380187,104.55236074270556,0.18354490433384818,Low revenue / High rating,True
agro_industry_and_commerce,70566.1,5637.2,177,176,206,177,22,4.107344632768362,0.12429378531073447,0.05084745762711865,342.55388349514567,0.07988538405835095,Low revenue / Low rating,False
furniture_living_room,67350.7,17694.37,414,407,495,409,58,4.070904645476773,0.14180929095354522,0.08454106280193237,136.0620202020202,0.26271991233944114,Low revenue / Low rating,True
home_confort,58008.450000000004,8429.77,392,391,429,390,73,3.887179487179487,0.18717948717948718,0.10459183673469388,135.21783216783217,0.14531969049336776,Low revenue / Low rating,True
fixed_telephony,55315.21,4501.33,212,212,255,209,35,3.9665071770334928,0.1674641148325359,0.05188679245283019,216.92239215686274,0.08137599043734987,Low revenue / Low rating,False
air_conditioning,53323.56,6530.99,246,244,289,242,34,4.115702479338843,0.14049586776859505,0.04065040650406504,184.5105882352941,0.12247850668635027,Low revenue / Low rating,False
audio,50570.6,5684.72,348,347,362,345,75,3.8391304347826085,0.21739130434782608,0.12931034482758622,139.69779005524862,0.11241155928543463,Low revenue / Low rating,True
small_appliances_home_oven_and_coffee,46589.56,2656.34,72,72,73,72,5,4.430555555555555,0.06944444444444445,0.06944444444444445,638.2131506849315,0.057015777783692316,Low revenue / High rating,False
kitchen_dining_laundry_garden_furniture,45531.98,11540.99,241,241,274,239,27,4.125523012552302,0.11297071129707113,0.04564315352697095,166.1751094890511,0.25346997868311455,Low revenue / Low rating,False
books_general_interest,45302.15,8880.39,496,490,537,492,31,4.534552845528455,0.06300813008130081,0.06868686868686869,84.36154562383614,0.19602579568519374,Low revenue / High rating,True
construction_tools_lights,39957.0,7490.14,242,242,301,239,25,4.150627615062762,0.10460251046025104,0.09090909090909091,132.74750830564784,0.18745501414020072,Low revenue / Low rating,False
construction_tools_safety,38773.22,3730.8,159,158,183,158,27,3.9746835443037973,0.17088607594936708,0.0440251572327044,211.87551912568307,0.09622105154021256,Low revenue / Low rating,False
industry_commerce_and_business,38498.81,7580.53,232,230,265,230,24,4.221739130434782,0.10434782608695652,0.08225108225108226,145.27852830188678,0.19690296920865866,Low revenue / High rating,False
food,28731.15,7063.53,441,436,499,437,44,4.327231121281464,0.10068649885583524,0.09977324263038549,57.57745490981964,0.24584919155689902,Low revenue / High rating,True
market_place,27795.77,5318.61,274,273,305,272,33,4.088235294117647,0.1213235294117647,0.04744525547445255,91.13367213114755,0.19134602135504789,Low revenue / Low rating,False
costruction_tools_garden,25096.28,5187.66,190,187,232,190,23,4.247368421052632,0.12105263157894737,0.06842105263157895,108.17362068965517,0.2067103172262981,Low revenue / High rating,False
art,23657.3,3828.23,195,195,197,193,27,4.098445595854923,0.13989637305699482,0.07692307692307693,120.08781725888325,0.16182024153221206,Low revenue / Low rating,False
fashion_shoes,23001.46,4813.37,235,234,257,231,25,4.274891774891775,0.10822510822510822,0.06382978723404255,89.49984435797666,0.20926367282772484,Low revenue / High rating,False
drinks,21529.84,5441.2699999999995,287,282,361,287,29,4.2369337979094075,0.10104529616724739,0.06620209059233449,59.6394459833795,0.252731557689235,Low revenue / High rating,False
signaling_and_security,21315.05,6477.54,138,137,197,137,16,4.116788321167883,0.11678832116788321,0.057971014492753624,108.1982233502538,0.30389513512752725,Low revenue / Low rating,False
furniture_bedroom,19051.8,4327.42,90,86,103,90,11,4.2555555555555555,0.12222222222222222,0.07777777777777778,184.96893203883494,0.2271396928374222,Low revenue / High rating,False
books_technical,18702.23,4198.84,256,255,263,255,24,4.427450980392157,0.09411764705882353,0.109375,71.11114068441064,0.22451012526313707,Low revenue / High rating,False
costruction_tools_tools,15903.95,2030.22,97,97,103,94,8,4.425531914893617,0.0851063829787234,0.061855670103092786,154.40728155339806,0.1276550793985142,Low revenue / High rating,False
food_drink,14942.88,4394.89,221,219,269,221,9,4.4457013574660635,0.04072398190045249,0.06334841628959276,55.54973977695167,0.2941126476288373,Low revenue / High rating,False
fashion_male_clothing,10452.33,2062.62,106,104,125,105,24,3.8190476190476192,0.22857142857142856,0.04716981132075472,83.61864,0.19733590500873968,Low revenue / Low rating,False
fashion_underwear_beach,9305.95,1854.07,117,117,127,116,19,4.008620689655173,0.16379310344827586,0.1282051282051282,73.27519685039371,0.19923489810282666,Low revenue / Low rating,False
christmas_supplies,8737.84,3190.91,125,125,150,123,14,4.1138211382113825,0.11382113821138211,0.096,58.25226666666667,0.36518292850406964,Low revenue / Low rating,False
tablets_printing_image,7528.41,1226.2,79,79,83,77,10,4.1558441558441555,0.12987012987012986,0.06329113924050633,90.70373493975903,0.1628763576904021,Low revenue / Low rating,False
cine_photo,6674.47,1227.71,63,63,70,63,7,4.333333333333333,0.1111111111111111,0.07936507936507936,95.34957142857144,0.18394119682911153,Low revenue / High rating,False
music,6034.35,690.51,38,38,38,38,4,4.2105263157894735,0.10526315789473684,0.07894736842105263,158.79868421052632,0.11442988888612692,Low revenue / High rating,False
dvds_blu_ray,4542.59,1227.25,56,55,61,56,8,4.196428571428571,0.14285714285714285,0.07142857142857142,74.46868852459016,0.2701652581456834,Low revenue / High rating,False
party_supplies,4465.1900000000005,820.19,38,38,42,38,6,4.078947368421052,0.15789473684210525,0.02631578947368421,106.31404761904763,0.1836853526949581,Low revenue / Low rating,False
books_imported,4418.86,732.08,50,49,57,50,5,4.44,0.1,0.04,77.5238596491228,0.16567168907817856,Low revenue / High rating,False
furniture_mattress_and_upholstery,4323.38,1581.37,37,37,37,37,7,3.891891891891892,0.1891891891891892,0.13513513513513514,116.84810810810811,0.36577168789234343,Low revenue / Low rating,False
portateis_cozinha_e_preparadores_de_alimentos,3933.63,294.42,13,13,14,13,3,3.6153846153846154,0.23076923076923078,0.07692307692307693,280.97357142857146,0.07484689714080887,Low revenue / Low rating,False
fashio_female_clothing,2634.94,583.5,36,36,45,36,6,3.9166666666666665,0.16666666666666666,0.05555555555555555,58.55422222222222,0.22144716767744235,Low revenue / Low rating,False
fashion_sport,2094.52,563.03,26,26,29,26,2,4.384615384615385,0.07692307692307693,0.07692307692307693,72.2248275862069,0.2688109924947004,Low revenue / High rating,False
la_cuisine,2054.99,333.55,13,13,14,12,2,4.25,0.16666666666666666,0.0,146.785,0.1623122253636271,Low revenue / High rating,False
arts_and_craftmanship,1814.01,370.13,23,21,24,23,3,4.173913043478261,0.13043478260869565,0.08695652173913043,75.58375,0.2040396690205677,Low revenue / Low rating,False
diapers_and_hygiene,1500.79,545.4,25,24,37,25,3,3.96,0.12,0.04,40.56189189189189,0.3634086048014712,Low revenue / Low rating,False
pc_gamer,1306.95,123.14999999999999,7,7,8,7,2,3.4285714285714284,0.2857142857142857,0.0,163.36875,0.09422701710088373,Low revenue / Low rating,False
flowers,1110.04,488.87,29,29,33,28,2,4.392857142857143,0.07142857142857142,0.034482758620689655,33.63757575757575,0.44040755288097727,Low revenue / High rating,False
home_comfort_2,760.27,410.31,24,23,30,23,5,3.8260869565217392,0.21739130434782608,0.16666666666666666,25.342333333333332,0.5396898470280296,Low revenue / Low rating,False
cds_dvds_musicals,730.0,224.98999999999998,12,12,14,12,0,4.666666666666667,0.0,0.0,52.142857142857146,0.3082054794520548,Low revenue / High rating,False
fashion_childrens_clothes,519.95,78.72,7,7,7,7,0,5.0,0.0,0.0,74.27857142857144,0.15139917299740357,Low revenue / High rating,False
security_and_services,283.28999999999996,41.22,2,2,2,2,1,2.5,0.5,0.0,141.64499999999998,0.14550460658688977,Low revenue / Low rating,False
