category,revenue,orders,portfolio_quadrant,revenue_2017_jan_aug,revenue_2018_jan_aug,orders_2017_jan_aug,orders_2018_jan_aug,average_review_score_2017_jan_aug,average_review_score_2018_jan_aug,late_delivery_rate_2017_jan_aug,late_delivery_rate_2018_jan_aug,revenue_growth,review_score_change,late_rate_change,comparable_sample,growth_quality_risk
baby,400421.84,2809,High revenue / Low rating,67998.26,250615.79,559.0,1627.0,4.2792792792792795,4.052908415841584,0.03756708407871199,0.09956976029502151,2.68562063205735,-0.22637086343769575,0.062002676216309525,True,True
stationery,223788.69,2264,High revenue / High rating,36724.96,132315.75,361.0,1367.0,4.427576601671309,4.310243183492999,0.030470914127423823,0.08632040965618142,2.602883434045946,-0.11733341817831011,0.05584949552875759,True,True
electronics,155043.93,2517,Low revenue / Low rating,28973.43,99735.6,338.0,1706.0,4.163141993957704,4.12212389380531,0.05325443786982249,0.10550996483001172,2.4423124911341185,-0.041018100152394155,0.05225552696018924,True,True
watches_gifts,1166176.98,5495,High revenue / Low rating,201137.86,687855.2,783.0,3418.0,4.278846153846154,4.076503537735849,0.033205619412515965,0.09689695550351288,2.419819620234599,-0.2023426161103048,0.06369133609099692,True,True
health_beauty,1233131.72,8647,High revenue / High rating,243521.7,755724.5,1682.0,5305.0,4.2584280869738675,4.228538942581012,0.043400713436385255,0.10744580584354382,2.103314817529608,-0.029889144392855727,0.06404509240715857,True,True
housewares,615628.6900000001,5743,High revenue / High rating,127534.54000000001,391823.46,1390.0,3351.0,4.226681127982647,4.203631452581033,0.03597122302158273,0.08206505520740077,2.0722928863035848,-0.023049675401614067,0.04609383218581804,True,True
telephony,309860.23,4093,High revenue / Low rating,57472.64,174123.68,1009.0,2117.0,4.105367793240557,4.004755111745126,0.049554013875123884,0.10297590930562116,2.0296795135911627,-0.10061268149543068,0.053421895430497274,True,True
auto,578966.65,3810,High revenue / Low rating,125247.48,343288.3,677.0,2419.0,4.189732142857143,4.1490464344941955,0.059084194977843424,0.09136006614303431,1.7408798963460184,-0.040685708362947715,0.032275871165190886,True,True
pet_shop,211695.64,1688,Low revenue / High rating,49083.29,126849.64,405.0,1002.0,4.315136476426799,4.261785356068205,0.03209876543209877,0.07285429141716566,1.5843752527591364,-0.05335112035859435,0.0407555259850669,True,True
sports_leisure,954852.55,7530,High revenue / High rating,216724.33,517166.26,1742.0,3973.0,4.344200807847663,4.1610576923076925,0.04250430786904078,0.09640070475711049,1.3862861174839023,-0.18314311553997076,0.05389639688806971,True,True
computers_accessories,888724.61,6530,High revenue / Low rating,214631.27,496269.3,1402.0,3972.0,4.1987087517934,4.033619817997978,0.037089871611982884,0.09191639385545203,1.3121947701283228,-0.16508893379542222,0.05482652224346914,True,True
books_general_interest,45302.15,496,Low revenue / High rating,11796.09,26856.149999999998,118.0,282.0,4.64957264957265,4.537366548042705,0.01694915254237288,0.06761565836298933,1.2766993130774686,-0.11220610152994492,0.05066650582061645,True,True
furniture_decor,711927.6900000001,6307,High revenue / Low rating,170858.58000000002,381649.57,1735.0,3147.0,4.097610722610723,4.077156549520767,0.05648414985590778,0.0905624404194471,1.233716152855771,-0.020454173089955674,0.03407829056353932,True,True
bed_bath_table,1023434.76,9272,High revenue / Low rating,254444.82,532358.85,2245.0,4844.0,4.127424447451511,3.9928110022921444,0.033853006681514475,0.09847233691164327,1.0922369337288926,-0.13461344515936657,0.0646193302301288,True,True
office_furniture,268154.31,1254,High revenue / Low rating,74662.01,140578.35,394.0,636.0,3.800254452926209,3.63946117274168,0.05583756345177665,0.0880503144654088,0.8828631857085019,-0.16079328018452888,0.03221275101363215,True,True
fashion_bags_accessories,149329.39,1820,Low revenue / High rating,37140.77,69592.43,497.0,820.0,4.290060851926977,4.336196319018405,0.028169014084507043,0.08658536585365853,0.873747636357566,0.04613546709142735,0.058416351769151484,True,True
garden_tools,470495.27999999997,3448,High revenue / High rating,138051.15,212186.2,872.0,1509.0,4.2482678983833715,4.171210106382978,0.027522935779816515,0.09542743538767395,0.5370114627802813,-0.0770577920003932,0.06790449960785744,True,True
furniture_living_room,67350.7,414,Low revenue / Low rating,22545.82,33467.26,134.0,211.0,4.1461538461538465,3.957345971563981,0.07462686567164178,0.0947867298578199,0.4844108575336805,-0.1888078745898656,0.020159864186178114,True,True
unknown,170726.63,1392,Low revenue / Low rating,48687.159999999996,70593.94,423.0,605.0,4.160714285714286,3.990016638935108,0.04964539007092199,0.10082644628099173,0.44994984303869856,-0.17069764677917743,0.05118105621006974,True,True
perfumery,390144.65,3086,High revenue / High rating,121953.36,174372.0,780.0,1458.0,4.274838709677419,4.28114246386786,0.05641025641025641,0.08710562414266118,0.42982530370626937,0.0063037541904407135,0.03069536773240477,True,True
toys,471286.48,3804,High revenue / High rating,118449.64,168123.27,1011.0,1378.0,4.417412935323383,4.20854638422206,0.03066271018793274,0.09077705156136529,0.4193649723207262,-0.20886655110132324,0.060114341373432544,True,True
consoles_games,148003.37,1018,Low revenue / Low rating,43698.35,61497.08,273.0,371.0,4.280669144981412,4.054644808743169,0.05860805860805861,0.09703504043126684,0.40730897162021007,-0.22602433623824325,0.03842698182320824,True,True
luggage_accessories,138701.63,1019,Low revenue / High rating,50692.62,63612.93,356.0,463.0,4.454802259887006,4.2841648590021695,0.03932584269662921,0.0734341252699784,0.2548755617681626,-0.1706374008848366,0.03410828257334919,True,True
cool_stuff,610204.1,3559,High revenue / High rating,206306.37,227743.7,1206.0,1391.0,4.332639467110741,4.1268115942028984,0.03814262023217247,0.08698777857656362,0.10391017010284287,-0.2058278729078422,0.04884515834439115,True,True
small_appliances_home_oven_and_coffee,46589.56,72,Low revenue / High rating,93.80000000000001,45854.77,2.0,69.0,4.0,4.492753623188406,0.0,0.07246376811594203,487.85682302771846,0.4927536231884062,0.07246376811594203,False,False
construction_tools_safety,38773.22,159,Low revenue / Low rating,387.9,30926.32,2.0,125.0,3.0,3.9596774193548385,0.0,0.048,78.72755864913638,0.9596774193548385,0.048,False,False
construction_tools_construction,142108.49,736,Low revenue / Low rating,2581.49,122886.61,20.0,636.0,4.2,4.132120253164557,0.1,0.08490566037735849,46.602977350289954,-0.06787974683544284,-0.01509433962264152,False,False
construction_tools_lights,39957.0,242,Low revenue / Low rating,949.0,35903.52,3.0,225.0,5.0,4.18018018018018,0.0,0.07555555555555556,36.83300316122234,-0.8198198198198199,0.07555555555555556,False,False
party_supplies,4465.1900000000005,38,Low revenue / Low rating,69.9,2621.79,1.0,29.0,5.0,4.0,0.0,0.034482758620689655,36.50772532188841,-1.0,0.034482758620689655,False,False
books_imported,4418.86,50,Low revenue / High rating,179.99,3470.87,3.0,39.0,3.6666666666666665,4.512820512820513,0.3333333333333333,0.02564102564102564,18.283682426801487,0.8461538461538463,-0.30769230769230765,False,False
cine_photo,6674.47,63,Low revenue / High rating,315.0,5979.47,5.0,55.0,5.0,4.345454545454546,0.2,0.05454545454545454,17.982444444444447,-0.6545454545454543,-0.14545454545454548,False,False
drinks,21529.84,287,Low revenue / High rating,997.73,16883.19,10.0,217.0,4.1,4.235023041474655,0.0,0.06912442396313365,15.921602036623131,0.13502304147465516,0.06912442396313365,False,False
christmas_supplies,8737.84,125,Low revenue / Low rating,377.69,5910.900000000001,6.0,77.0,4.666666666666667,4.078947368421052,0.0,0.11688311688311688,14.650136355211949,-0.5877192982456148,0.11688311688311688,False,False
industry_commerce_and_business,38498.81,232,Low revenue / High rating,2356.63,29482.54,12.0,195.0,4.166666666666667,4.22279792746114,0.0,0.09278350515463918,11.510466216588943,0.05613126079447284,0.09278350515463918,False,False
arts_and_craftmanship,1814.01,23,Low revenue / Low rating,151.89000000000001,1662.12,2.0,21.0,5.0,4.095238095238095,0.0,0.09523809523809523,9.942919217855025,-0.9047619047619051,0.09523809523809523,False,False
signaling_and_security,21315.05,138,Low revenue / Low rating,1699.62,17066.239999999998,16.0,105.0,4.3125,4.142857142857143,0.0625,0.05714285714285714,9.041209211470798,-0.16964285714285676,-0.005357142857142859,False,False
agro_industry_and_commerce,70566.1,177,Low revenue / Low rating,4610.74,41386.9,18.0,129.0,3.888888888888889,4.2015503875969,0.0,0.05426356589147287,7.976194710610445,0.31266149870801074,0.05426356589147287,False,False
home_construction,81407.57,483,Low revenue / Low rating,6721.45,57665.12,24.0,373.0,4.0,4.013440860215054,0.041666666666666664,0.08579088471849866,7.57926786630861,0.013440860215053974,0.044124218051832,False,False
home_appliances_2,107953.95,227,Low revenue / Low rating,10473.93,86902.86,46.0,145.0,4.133333333333334,4.241379310344827,0.06521739130434782,0.04827586206896552,7.297063279972274,0.10804597701149365,-0.016941529235382308,False,False
costruction_tools_tools,15903.95,97,Low revenue / High rating,1532.9,11816.66,3.0,76.0,5.0,4.438356164383562,0.0,0.06578947368421052,6.708695935807945,-0.5616438356164384,0.06578947368421052,False,False
food_drink,14942.88,221,Low revenue / High rating,1199.6,7655.94,37.0,117.0,4.635135135135135,4.461538461538462,0.0,0.07692307692307693,5.382077359119707,-0.1735966735966734,0.07692307692307693,False,False
books_technical,18702.23,256,Low revenue / High rating,2441.2799999999997,12940.01,20.0,213.0,4.7,4.410377358490566,0.1,0.11737089201877934,4.300502195569538,-0.2896226415094345,0.017370892018779338,False,False
kitchen_dining_laundry_garden_furniture,45531.98,241,Low revenue / Low rating,5399.26,27009.829999999998,43.0,136.0,4.186046511627907,4.177777777777778,0.0,0.04411764705882353,4.002505898956523,-0.008268733850129273,0.04411764705882353,False,False
audio,50570.6,348,Low revenue / Low rating,7717.34,32960.94,68.0,187.0,3.8582089552238807,3.8548387096774195,0.07352941176470588,0.13903743315508021,3.2710234355360788,-0.003370245546461259,0.06550802139037433,False,False
home_appliances,78832.48,747,Low revenue / High rating,13566.92,55760.75,174.0,515.0,4.212643678160919,4.226236979166667,0.040229885057471264,0.06990291262135923,3.1100522447246686,0.013593301005747627,0.029673027563887962,True,False
food,28731.15,441,Low revenue / High rating,5109.97,20304.87,56.0,338.0,4.428571428571429,4.282738095238095,0.10714285714285714,0.10946745562130178,2.9735791012471693,-0.14583333333333393,0.002324598478444642,False,False
fixed_telephony,55315.21,212,Low revenue / Low rating,8217.4,27005.39,100.0,85.0,4.081632653061225,3.8588235294117648,0.03,0.08235294117647059,2.2863667340034564,-0.22280912364945982,0.05235294117647059,False,False
music,6034.35,38,Low revenue / High rating,1503.49,4475.96,10.0,27.0,4.1,4.222222222222222,0.1,0.07407407407407407,1.9770467379230992,0.12222222222222268,-0.025925925925925936,False,False
costruction_tools_garden,25096.28,190,Low revenue / High rating,5585.99,16364.39,30.0,128.0,4.233333333333333,4.296875,0.06666666666666667,0.0703125,1.929541585287478,0.06354166666666661,0.0036458333333333343,False,False
musical_instruments,184315.74,611,Low revenue / High rating,37051.409999999996,105827.28,118.0,370.0,4.076923076923077,4.320652173913044,0.09322033898305085,0.07567567567567568,1.8562281435443349,0.24372909698996725,-0.01754466330737517,True,False
furniture_bedroom,19051.8,90,Low revenue / High rating,5527.13,10813.17,27.0,53.0,4.37037037037037,4.169811320754717,0.037037037037037035,0.07547169811320754,0.9563806170652762,-0.20055904961565307,0.03843466107617051,False,False
art,23657.3,195,Low revenue / Low rating,8053.5,14675.96,22.0,163.0,4.5,4.024844720496894,0.0,0.09202453987730061,0.8223083131557707,-0.475155279503106,0.09202453987730061,False,False
computers,218684.14,177,High revenue / High rating,38148.99,62403.34,30.0,56.0,4.333333333333333,4.254545454545455,0.03333333333333333,0.14285714285714285,0.6357796104169469,-0.07878787878787818,0.10952380952380952,False,False
pc_gamer,1306.95,7,Low revenue / Low rating,519.96,786.99,4.0,3.0,3.5,3.3333333333333335,0.0,0.0,0.5135587352873296,-0.16666666666666652,0.0,False,False
air_conditioning,53323.56,246,Low revenue / Low rating,18332.22,24705.06,75.0,132.0,4.136986301369863,4.122137404580153,0.013333333333333334,0.045454545454545456,0.34763056520159585,-0.014848896789709798,0.03212121212121212,False,False
furniture_mattress_and_upholstery,4323.38,37,Low revenue / Low rating,1324.08,1775.1,7.0,19.0,3.5714285714285716,3.789473684210526,0.0,0.21052631578947367,0.3406289650172194,0.2180451127819545,0.21052631578947367,False,False
small_appliances,182754.12,609,Low revenue / High rating,66022.9,85912.94,183.0,314.0,4.3076923076923075,4.2243589743589745,0.04918032786885246,0.07006369426751592,0.3012597144324167,-0.08333333333333304,0.020883366398663464,True,False
home_confort,58008.450000000004,392,Low revenue / Low rating,21445.47,20737.65,140.0,146.0,3.8333333333333335,4.0,0.03571428571428571,0.1095890410958904,-0.033005571806073664,0.16666666666666652,0.07387475538160469,True,False
fashion_shoes,23001.46,235,Low revenue / High rating,8907.08,8296.97,110.0,67.0,4.347222222222222,4.134328358208955,0.03636363636363636,0.1044776119402985,-0.0684971954894309,-0.21289386401326738,0.06811397557666214,False,False
fashion_underwear_beach,9305.95,117,Low revenue / Low rating,2694.45,2409.1,40.0,37.0,4.2,3.75,0.075,0.21621621621621623,-0.10590287442706303,-0.4500000000000002,0.14121621621621622,False,False
la_cuisine,2054.99,13,Low revenue / High rating,999.99,781.0,8.0,3.0,4.5,3.3333333333333335,0.0,0.0,-0.21899218992189917,-1.1666666666666665,0.0,False,False
fashion_childrens_clothes,519.95,7,Low revenue / High rating,220.0,169.97,2.0,3.0,5.0,5.0,0.0,0.0,-0.2274090909090909,0.0,0.0,False,False
market_place,27795.77,274,Low revenue / Low rating,15088.93,7565.57,129.0,95.0,4.124031007751938,4.0,0.023255813953488372,0.09473684210526316,-0.4986012924707054,-0.1240310077519382,0.07148102815177479,False,False
fashion_male_clothing,10452.33,106,Low revenue / Low rating,4644.28,2301.87,49.0,24.0,3.836734693877551,4.391304347826087,0.04081632653061224,0.041666666666666664,-0.5043645085998261,0.5545696539485361,0.0008503401360544227,False,False
fashio_female_clothing,2634.94,36,Low revenue / Low rating,1547.7,616.6600000000001,22.0,8.0,3.8181818181818183,4.375,0.0,0.0,-0.6015636105188343,0.5568181818181817,0.0,False,False
dvds_blu_ray,4542.59,56,Low revenue / High rating,2995.79,1132.71,24.0,22.0,3.9166666666666665,4.409090909090909,0.08333333333333333,0.045454545454545456,-0.6218993988230149,0.49242424242424265,-0.03787878787878787,False,False
fashion_sport,2094.52,26,Low revenue / High rating,1160.72,369.5,16.0,5.0,4.3125,4.2,0.0,0.2,-0.6816631056585567,-0.11249999999999982,0.2,False,False
home_comfort_2,760.27,24,Low revenue / Low rating,493.08000000000004,151.09,10.0,7.0,4.7,2.4285714285714284,0.0,0.2857142857142857,-0.6935791352316054,-2.271428571428572,0.2857142857142857,False,False
tablets_printing_image,7528.41,79,Low revenue / Low rating,5157.75,1267.96,43.0,20.0,4.195121951219512,4.05,0.046511627906976744,0.15,-0.7541641219524017,-0.14512195121951255,0.10348837209302325,False,False
cds_dvds_musicals,730.0,12,Low revenue / High rating,360.0,65.0,6.0,1.0,4.333333333333333,5.0,0.0,0.0,-0.8194444444444444,0.666666666666667,0.0,False,False
portateis_cozinha_e_preparadores_de_alimentos,3933.63,13,Low revenue / Low rating,,3933.63,,13.0,,3.6153846153846154,,0.07692307692307693,,,,False,False
diapers_and_hygiene,1500.79,25,Low revenue / Low rating,,1289.8899999999999,,23.0,,4.043478260869565,,0.043478260869565216,,,,False,False
flowers,1110.04,29,Low revenue / High rating,,839.54,,21.0,,4.35,,0.047619047619047616,,,,False,False
security_and_services,283.28999999999996,2,Low revenue / Low rating,183.29,,1.0,,4.0,,0.0,,,,,False,False
