purchase_month,total_orders,delivered_orders,delivered_gmv,delivered_freight,purchasing_customers,average_review_score,average_delivery_days,new_customers,returning_customers,on_time_delivery_rate,average_order_value,is_complete_core_month,mom_gmv_growth
2016-09-01,4,1.0,134.97,8.49,1.0,1.0,54.81319444444444,1.0,0.0,0.0,134.97,False,
2016-10-01,324,265.0,40325.11,6165.55,262.0,4.011450381679389,19.600558787561145,262.0,0.0,0.9886792452830189,152.17022641509433,False,
2016-12-01,1,1.0,10.9,8.72,1.0,5.0,4.693020833333334,1.0,0.0,1.0,10.9,False,
2017-01-01,800,750.0,111798.36,15684.01,718.0,4.199055330634278,12.647043518518519,717.0,1.0,0.9693333333333334,149.06448,True,
2017-02-01,1780,1653.0,234223.4,37015.92,1630.0,4.202678027997566,13.168825248986131,1628.0,2.0,0.9679370840895342,141.69594676346037,True,1.0950521993345879
2017-03-01,2682,2546.0,359198.85,55132.1,2508.0,4.187376335575782,12.951184487831313,2503.0,5.0,0.9442262372348782,141.0836017282011,True,0.5335737163750505
2017-04-01,2404,2303.0,340669.68,50142.72,2274.0,4.137554585152839,14.91791250040205,2256.0,18.0,0.921406860616587,147.9243074250977,True,-0.051584714149279676
2017-05-01,3700,3546.0,489338.25,77513.15,3479.0,4.238487777146106,11.322362975369588,3451.0,28.0,0.9638928067700987,137.99725042301185,True,0.4364009441638599
2017-06-01,3245,3135.0,421923.37,68127.0,3076.0,4.222918675666988,12.01157270438301,3037.0,39.0,0.9614035087719298,134.58480701754385,True,-0.13776744409414143
2017-07-01,4026,3872.0,481604.52,84694.56,3802.0,4.258415755682805,11.592732387200606,3752.0,50.0,0.965650826446281,124.3813326446281,True,0.14145021168180372
2017-08-01,4331,4193.0,554699.7,91215.42,4114.0,4.3115246098439375,11.147124655510508,4057.0,57.0,0.9668495110899118,132.29184354877174,True,0.15177428152044747
2017-09-01,4285,4150.0,607399.67,93677.82,4083.0,4.267484215638659,11.85100652889335,4004.0,79.0,0.9479518072289157,146.36136626506024,True,0.09500630701621082
2017-10-01,4631,4478.0,648247.65,102974.48,4417.0,4.205240665766982,11.856699698526127,4328.0,89.0,0.947074586869138,144.76276239392587,True,0.06725057983650196
2017-11-01,7544,7289.0,987765.37,166794.16,7183.0,3.988878143133462,15.161131699241778,7060.0,123.0,0.8568880351262349,135.51452462614898,True,0.5237469352954847
2017-12-01,5673,5513.0,726033.1900000001,117818.02,5450.0,4.0895440395531955,15.394918530107287,5338.0,112.0,0.9161980772719027,131.694756031199,True,-0.264974039330818
2018-01-01,7269,7069.0,924645.0,153797.72,6974.0,4.108726650506203,14.080562613956085,6842.0,132.0,0.9343612957985571,130.80280096194653,True,0.2735574802027989
2018-02-01,6728,6555.0,826437.13,140399.72,6400.0,3.881717125147277,16.945137568155495,6288.0,112.0,0.8401220442410374,126.0773653699466,True,-0.10621143249571452
2018-03-01,7211,7003.0,953356.25,167370.45,6914.0,3.8132556131260795,16.30141017440938,6774.0,140.0,0.7863772668856205,136.13540625446237,True,0.15357383567701022
2018-04-01,6939,6798.0,973534.09,159730.87,6744.0,4.2062351895734595,11.499241053673193,6582.0,162.0,0.9468961459252722,143.2088982053545,True,0.021165057658141917
2018-05-01,6873,6749.0,977544.6900000001,151701.43,6693.0,4.236239214519488,11.419028935356678,6506.0,187.0,0.9176174248036746,144.84289376203884,True,0.004119629750202192
2018-06-01,6167,6099.0,856077.86,156124.63,6061.0,4.306995884773663,9.239216293167347,5878.0,183.0,0.9863845144356955,140.36364322020003,True,-0.12425706082041121
2018-07-01,6292,6159.0,867953.46,159887.08,6100.0,4.318085280182976,8.958636237154959,5949.0,151.0,0.9551656920077972,140.9244130540672,True,0.013872102708041067
2018-08-01,6512,6351.0,838576.64,146981.52,6310.0,4.3103475513428124,7.732779720458137,6144.0,166.0,0.8960793575814833,132.03851991812314,True,-0.03384607741525669
2018-09-01,16,,,,,,,,,,,False,
2018-10-01,4,,,,,,,,,,,False,
