first_customer_state,customers,repeat_90d_customers,average_first_order_value,average_first_review_score,repeat_90d_rate,reliable_sample
MT,715,22,176.19678321678322,4.107746478873239,0.03076923076923077,True
DF,1584,42,145.09830176767676,4.08952380952381,0.026515151515151516,True
ES,1590,42,125.55534591194969,4.038240917782026,0.026415094339622643,True
MS,553,14,168.20654611211575,4.131340579710145,0.02531645569620253,True
SP,30906,744,126.39167572639616,4.226603951694281,0.024072995534847604,True
RJ,9892,231,143.87294783663566,3.89779118519276,0.023352203801051356,True
BA,2589,59,149.79057937427578,3.866718628215121,0.022788721514098106,True
RS,4303,98,136.5895909830351,4.144123134328358,0.0227748082732977,True
GO,1579,35,142.3141355288157,4.065688775510204,0.022165927802406588,True
MG,9027,195,136.01281710424283,4.156208203299153,0.021601861083416416,True
AL,328,7,204.1062195121951,3.769230769230769,0.021341463414634148,True
PR,3858,80,136.70043286677034,4.20353982300885,0.020736132711249352,True
PE,1253,25,158.23861931364723,4.004435483870968,0.019952114924181964,True
RN,381,7,160.11107611548556,4.071052631578947,0.01837270341207349,True
PA,772,14,182.50683937823834,3.8144736842105265,0.018134715025906734,True
PI,387,7,179.26441860465115,4.010443864229765,0.01808785529715762,True
PB,399,7,187.50644110275692,4.048223350253807,0.017543859649122806,True
SC,2869,49,139.29339491111887,4.089838255977496,0.017079121645172533,True
MA,591,9,167.16910321489001,3.7866894197952217,0.015228426395939087,True
CE,1054,15,170.6405882352941,3.865935114503817,0.014231499051233396,True
RO,196,6,182.77418367346937,4.184615384615385,0.030612244897959183,False
AC,66,2,195.64469696969695,4.0606060606060606,0.030303030303030304,False
AP,56,1,203.4426785714286,4.236363636363636,0.017857142857142856,False
TO,214,3,180.94289719626167,4.117370892018779,0.014018691588785047,False
SE,258,3,170.49713178294576,3.7859922178988326,0.011627906976744186,False
AM,112,1,161.22151785714286,4.315315315315315,0.008928571428571428,False
RR,31,0,135.8316129032258,3.7419354838709675,0.0,False
