first_primary_category,customers,repeat_90d_customers,average_first_order_value,average_first_review_score,repeat_90d_rate,reliable_sample
home_appliances,498,39,116.77853413654618,4.176056338028169,0.0783132530120482,True
fashion_bags_accessories,1437,65,82.79970076548365,4.206787963610917,0.04523312456506611,True
bed_bath_table,7150,282,111.95096783216783,3.972344037346159,0.03944055944055944,True
furniture_decor,4987,176,111.61583918187289,4.033218901453958,0.035291758572287946,True
sports_leisure,6053,173,128.0850751693375,4.191770573566084,0.02858086899058318,True
construction_tools_construction,394,9,201.07527918781727,4.047314578005115,0.02284263959390863,True
health_beauty,6199,140,142.77284884658818,4.178971280220671,0.02258428778835296,True
computers_accessories,5231,114,141.24906901166125,4.041322314049586,0.021793156184285987,True
pet_shop,1192,24,121.91896812080537,4.216033755274261,0.020134228187919462,True
small_appliances,497,10,301.8957142857143,4.273833671399594,0.02012072434607646,True
home_construction,306,6,192.70712418300653,3.8651315789473686,0.0196078431372549,True
unknown,1226,22,127.7355220228385,4.0278917145200985,0.01794453507340946,True
perfumery,2480,44,125.45359274193548,4.218358269308532,0.017741935483870968,True
housewares,4117,73,104.48936118532913,4.152418172936004,0.017731357784794753,True
baby,2103,36,153.36078459343793,4.075539568345324,0.017118402282453638,True
toys,3231,55,125.96686165273908,4.2264504054897065,0.017022593624264934,True
garden_tools,2926,48,137.31098086124402,4.162882696938424,0.016404647983595352,True
auto,2805,46,156.47283422459893,4.091397849462366,0.01639928698752228,True
watches_gifts,4048,65,222.08147233201584,4.115451604876835,0.016057312252964428,True
telephony,3369,51,65.64213119620065,4.041504926843834,0.015138023152270703,True
books_general_interest,398,6,91.03776381909547,4.534177215189874,0.01507537688442211,True
office_furniture,1090,16,214.916376146789,3.611829944547135,0.014678899082568808,True
musical_instruments,485,7,307.86020618556705,4.1829521829521825,0.01443298969072165,True
stationery,1746,23,100.35236540664377,4.246397694524496,0.013172966781214204,True
luggage_accessories,843,10,140.76341637010677,4.372619047619048,0.011862396204033215,True
consoles_games,857,10,146.81409568261375,4.169022379269729,0.011668611435239206,True
electronics,2043,22,59.940934899657364,4.092254563394179,0.010768477728830151,True
cool_stuff,3149,29,172.6599333121626,4.222685036847165,0.009209272785011114,True
fashion_childrens_clothes,5,1,83.99199999999999,5.0,0.2,False
diapers_and_hygiene,12,1,61.574999999999996,3.8333333333333335,0.08333333333333333,False
la_cuisine,13,1,166.69076923076923,4.25,0.07692307692307693,False
furniture_bedroom,60,4,228.8035,4.25,0.06666666666666667,False
furniture_mattress_and_upholstery,35,2,116.688,3.8857142857142857,0.05714285714285714,False
home_comfort_2,18,1,36.503888888888895,4.0588235294117645,0.05555555555555555,False
air_conditioning,195,9,215.56153846153848,4.115183246073299,0.046153846153846156,False
fashion_male_clothing,88,4,102.05159090909092,3.6206896551724137,0.045454545454545456,False
fashion_sport,24,1,84.56750000000001,4.5,0.041666666666666664,False
home_confort,294,12,159.02377551020408,3.8493150684931505,0.04081632653061224,False
drinks,202,8,79.84876237623763,4.227722772277228,0.039603960396039604,False
art,126,4,141.64380952380952,4.088709677419355,0.031746031746031744,False
furniture_living_room,284,9,172.9444014084507,4.010714285714286,0.03169014084507042,False
fashio_female_clothing,32,1,72.5034375,3.96875,0.03125,False
books_imported,33,1,82.80030303030303,4.424242424242424,0.030303030303030304,False
costruction_tools_garden,137,4,134.90408759124088,4.299270072992701,0.029197080291970802,False
food_drink,173,5,71.8306358381503,4.427745664739884,0.028901734104046242,False
fashion_shoes,212,6,94.07919811320755,4.247596153846154,0.02830188679245283,False
industry_commerce_and_business,183,5,153.87983606557376,4.226519337016574,0.0273224043715847,False
cine_photo,37,1,95.58945945945946,4.351351351351352,0.02702702702702703,False
small_appliances_home_oven_and_coffee,38,1,931.4255263157894,4.2894736842105265,0.02631578947368421,False
food,243,6,60.93098765432099,4.2875,0.024691358024691357,False
kitchen_dining_laundry_garden_furniture,175,4,203.3968,4.091954022988506,0.022857142857142857,False
dvds_blu_ray,47,1,85.15148936170212,4.127659574468085,0.02127659574468085,False
market_place,245,5,103.18236734693878,4.135802469135802,0.02040816326530612,False
construction_tools_lights,101,2,185.81663366336633,4.010204081632653,0.019801980198019802,False
fashion_underwear_beach,109,2,79.46743119266056,4.027777777777778,0.01834862385321101,False
home_appliances_2,169,3,463.69248520710056,4.089285714285714,0.01775147928994083,False
agro_industry_and_commerce,125,2,441.9952,4.08,0.016,False
audio,276,4,157.48652173913044,3.728102189781022,0.014492753623188406,False
signaling_and_security,84,1,150.53083333333333,4.024096385542169,0.011904761904761904,False
books_technical,172,2,77.65616279069768,4.406976744186046,0.011627906976744186,False
fixed_telephony,177,2,230.16796610169493,3.913793103448276,0.011299435028248588,False
construction_tools_safety,101,1,296.03782178217824,3.98019801980198,0.009900990099009901,False
computers,149,1,1229.917046979866,4.217687074829932,0.006711409395973154,False
christmas_supplies,99,0,74.60232323232323,4.071428571428571,0.0,False
tablets_printing_image,73,0,99.09342465753424,4.169014084507042,0.0,False
costruction_tools_tools,68,0,126.66441176470589,4.363636363636363,0.0,False
flowers,25,0,36.422,4.458333333333333,0.0,False
music,21,0,212.16761904761907,4.142857142857143,0.0,False
party_supplies,19,0,158.72105263157897,3.736842105263158,0.0,False
cds_dvds_musicals,12,0,60.833333333333336,4.666666666666667,0.0,False
arts_and_craftmanship,4,0,69.3875,4.5,0.0,False
pc_gamer,4,0,129.99,3.5,0.0,False
portateis_cozinha_e_preparadores_de_alimentos,2,0,979.0,5.0,0.0,False
security_and_services,2,0,141.64499999999998,2.5,0.0,False
