customer_state,orders,customers,revenue,freight,reviewed_orders,low_review_orders,average_review_score,low_review_rate,late_delivery_rate,average_delivery_days,average_order_value,freight_to_revenue_rate,reliable_sample
SP,40501,39156,5067633.16,704080.77,40273,4286,4.246550625315555,0.10642365853052914,0.05894700449449301,8.761385996084925,125.12365521838967,0.13893680694125066,True
RJ,12350,11917,1759651.1300000001,295984.99,12211,2234,3.965140720115743,0.18294979936123168,0.13473684210526315,15.30943754217274,142.48187287449394,0.1682066319589156,True
MG,11354,11001,1552481.83,266875.73,11285,1321,4.19246787771378,0.11705804164820559,0.056103575832305796,12.008665646060452,136.73435177030123,0.17190264313753673,True
RS,5345,5168,728897.47,132837.52,5327,633,4.1857518302984795,0.11882860897315563,0.07148203592814371,15.300276192406853,136.36996632366697,0.18224445202148937,True
PR,4923,4769,666063.51,115787.5,4900,531,4.239591836734694,0.1083673469387755,0.049969530773918344,11.991582227413277,135.2962644728824,0.17383852780044953,True
SC,3546,3449,507012.13,88123.32,3519,458,4.133276499005399,0.1301506109690253,0.09757473209249859,14.954782876767771,142.9814241398759,0.17380909604667644,True
BA,3256,3158,493584.14,97553.67,3229,550,3.930009290802106,0.17033137194177764,0.14035626535626536,19.335465824489262,151.5921805896806,0.19764344535057385,True
DF,2080,2019,296498.41,49930.5,2070,270,4.133816425120773,0.13043478260869565,0.07067307692307692,12.96756810897436,142.54731249999998,0.16840056579055518,True
GO,1957,1895,282836.7,51825.87,1946,255,4.10431654676259,0.13103802672147996,0.08175779253960143,15.606338535456764,144.5256515074093,0.18323601569386153,True
ES,1995,1928,268643.45,49058.2,1969,271,4.079735906551549,0.13763331640426613,0.12230576441102757,15.789307110368513,134.6583709273183,0.1826145398296515,True
PE,1593,1551,251889.49,57389.3,1579,234,4.082963901203294,0.1481950601646612,0.10797237915881984,18.448322994408407,158.12271814187068,0.22783523044173062,True
CE,1279,1258,219757.38,46835.83,1273,218,3.941869599371563,0.17124901806755696,0.1532447224394058,21.26657863492891,171.8196872556685,0.21312517468127806,True
PA,946,922,174470.59,37552.98,933,167,3.909967845659164,0.1789924973204716,0.12367864693446089,23.77291691136168,184.42979915433403,0.21523959998071884,True
MT,886,856,152191.62,29032.8,879,112,4.146188850967008,0.12741751990898748,0.06772009029345373,18.05575601172561,171.77383747178328,0.1907647740394642,True
MA,717,700,117009.38,30794.17,712,142,3.833567415730337,0.199438202247191,0.19665271966527198,21.572976474120562,163.19299860529986,0.26317693504572026,True
MS,701,681,115429.97,18945.25,699,93,4.160228898426324,0.13304721030042918,0.11554921540656206,15.618319018465684,164.6647218259629,0.16412765246322078,True
PB,517,504,112586.82,25251.73,512,76,4.076171875,0.1484375,0.1102514506769826,20.426767609606706,217.76947775628628,0.22428673267439295,True
PI,476,464,84721.0,20457.19,471,76,3.9936305732484074,0.1613588110403397,0.15966386554621848,19.45709826291628,177.98529411764707,0.24146539818935092,False
RN,474,464,82105.66,18731.42,471,61,4.149681528662421,0.12951167728237792,0.10759493670886076,19.27815620604782,173.21869198312237,0.22813798707665217,False
AL,397,387,78855.72,15490.72,394,83,3.8527918781725887,0.21065989847715735,0.23929471032745592,24.543855361974067,198.6290176322418,0.19644383438512766,False
SE,335,329,56574.19,13714.94,334,63,3.907185628742515,0.18862275449101795,0.15223880597014924,21.519788280818133,168.87817910447762,0.24242397460750212,False
TO,274,267,48402.51,11604.86,273,33,4.153846153846154,0.12087912087912088,0.12773722627737227,17.65806260982698,176.65149635036497,0.23975740101081536,False
RO,243,231,45682.76,11283.24,242,29,4.1652892561983474,0.11983471074380166,0.02880658436213992,19.37203651310776,187.99489711934157,0.24699120631065197,False
AM,145,140,22155.84,5429.63,144,19,4.243055555555555,0.13194444444444445,0.041379310344827586,26.42599090038314,152.79889655172414,0.2450654093909326,False
AC,80,76,15930.97,3644.36,80,12,4.0875,0.15,0.0375,21.035712962962965,199.137125,0.22875945406965176,False
AP,67,66,13374.81,2767.0,66,4,4.242424242424242,0.06060606060606061,0.04477611940298507,27.185067716970703,199.62402985074627,0.20688144354947846,False
RR,41,40,7057.47,1982.05,41,6,3.902439024390244,0.14634146341463414,0.12195121951219512,29.387546014001806,172.13341463414633,0.2808442685551621,False
